,Cycle,Joint,Angle_x,Angle_y,Angle_z,Flex_Ext_Angle,subject,avg_flex
0,1.0,r_ankle,28.20562812824627,-2.0204736807860577,-3.3517172282876992,61.801225146119414,1,61.56921752484678
1,2.0,r_ankle,28.263864216515657,-2.0130629504469306,-3.3971272816854468,61.73616023472721,1,61.49488441005427
2,3.0,r_ankle,28.367907094293322,-2.004499137937124,-3.463082622199174,61.628641817280986,1,61.37547294874852
3,4.0,r_ankle,28.476975004758245,-2.0144818638603823,-3.5888216763670937,61.51957390681605,1,61.25310060046376
4,5.0,r_ankle,28.5970287346324,-2.059336221076998,-3.7887244285622406,61.402995716610455,1,61.11917161400241
5,6.0,r_ankle,28.718405651668412,-2.146450552610219,-4.058549827408373,61.28844762269727,1,60.98229911400858
6,7.0,r_ankle,28.835376926267873,-2.267118125522986,-4.369188668723414,61.16464752497499,1,60.83736989842292
7,8.0,r_ankle,28.95177344031135,-2.4064487004262225,-4.688346307614645,61.04477547126293,1,60.69280545028704
8,9.0,r_ankle,29.071485060858667,-2.5501237354116,-4.992716186815398,60.92506385071562,1,60.54465028004053
9,10.0,r_ankle,29.195845336985577,-2.6871346988849543,-5.275656604318591,60.80417911425729,1,60.38906915820373
10,11.0,r_ankle,29.324784748251613,-2.804933472669,-5.536399458216297,60.68206852611407,1,60.225986648910684
11,12.0,r_ankle,29.448536203760835,-2.887759860567307,-5.7684471246017335,60.55148824748204,1,60.05294629981387
12,13.0,r_ankle,29.56801702617874,-2.923111274189553,-5.9624347152095,60.428531885395564,1,59.88317274580362
13,14.0,r_ankle,29.68161999292491,-2.9088538313141368,-6.114980220528562,60.314928918649386,1,59.718807403541206
14,15.0,r_ankle,29.793632377203515,-2.8598258937622196,-6.237759474388852,60.20639207403933,1,59.55608835342655
15,16.0,r_ankle,29.912602186290236,-2.8047840745312858,-6.3509468944355705,60.09425108807547,1,59.389238599330454
16,17.0,r_ankle,30.040647192102607,-2.7707207357261616,-6.4673235369188715,59.95937725914025,1,59.20947919486474
17,18.0,r_ankle,30.18574542419457,-2.768588894132465,-6.586204347418864,59.81080348737973,1,59.02503885326942
18,19.0,r_ankle,30.343658689688617,-2.791257193076203,-6.695890838267892,59.65289022188567,1,58.83894102630309
19,20.0,r_ankle,30.505917057733857,-2.8238923183283973,-6.7880355027632655,59.49410739350898,1,58.65499308341185
20,21.0,r_ankle,30.663112764779942,-2.85164083674691,-6.861822288329845,59.34374050958575,1,58.474503369970094
21,22.0,r_ankle,30.801700990771703,-2.862254217867281,-6.914993844293935,59.198323460471144,1,58.297010236836655
22,23.0,r_ankle,30.92291594262651,-2.8509142413216364,-6.941607231631544,59.07363296894779,1,58.133701270220044
23,24.0,r_ankle,31.02640825541165,-2.821804967322548,-6.932969086440459,58.970140656162656,1,57.98946035115586
24,25.0,r_ankle,31.11502415858305,-2.7858668054776894,-6.887966877899387,58.885000292659804,1,57.86841593754255
25,26.0,r_ankle,31.19242852447014,-2.75179207345362,-6.818698354524467,58.814424749895565,1,57.771325209340816
26,27.0,r_ankle,31.254591079576624,-2.718551579389737,-6.745690018606574,58.745433371666245,1,57.6920397611022
27,28.0,r_ankle,31.305307905913356,-2.679769564876553,-6.691026543485592,58.69124100566094,1,57.63248346043242
28,29.0,r_ankle,31.339622321499256,-2.63128981515008,-6.665959513952598,58.656926590075024,1,57.59153182729111
29,30.0,r_ankle,31.352218789511074,-2.5764598617623,-6.672258672090998,58.64780566173177,1,57.57030315232207
30,31.0,r_ankle,31.340512233722585,-2.522713922387026,-6.705892929661634,58.66634104064311,1,57.57440185137919
31,32.0,r_ankle,31.300316170618892,-2.4761341375674704,-6.756452457153775,58.699708280623966,1,57.602394314035344
32,33.0,r_ankle,31.241793665461046,-2.4415932427990543,-6.810562878818629,58.754755246113234,1,57.65803807313172
33,34.0,r_ankle,31.169479706064404,-2.421889510734021,-6.852286331882331,58.82706920550989,1,57.73578958407241
34,35.0,r_ankle,31.086223773697604,-2.420188736487817,-6.875503036580803,58.913800677545254,1,57.82681596039574
35,36.0,r_ankle,30.993408509088116,-2.4392888097124046,-6.890900524873168,59.0134447652776,1,57.92756659549778
36,37.0,r_ankle,30.88608948644986,-2.4735301548992097,-6.9156442012049295,59.113934964793,1,58.03393077577844
37,38.0,r_ankle,30.76980998422901,-2.5026802779567183,-6.956815779300771,59.226738927345295,1,58.1574455238322
38,39.0,r_ankle,30.642411878694226,-2.4967675951237895,-6.9958465011504005,59.35413703288006,1,58.30181528690497
39,40.0,r_ankle,30.498430038245353,-2.438736558204542,-6.998839559534416,59.50159441299749,1,58.4691313119595
40,41.0,r_ankle,30.329454174148093,-2.3459570279562953,-6.941619233996437,59.677399100217585,1,58.661827681222235
41,42.0,r_ankle,30.121920727150908,-2.2682945708926354,-6.829012374794946,59.878103724091936,1,58.87658998945998
42,43.0,r_ankle,29.878909900788702,-2.2549315081581742,-6.693915523748673,60.1176390107856,1,59.123065759425884
43,44.0,r_ankle,29.607235376768266,-2.3086770373200602,-6.570978124382581,60.389313534806,1,59.3990764611074
44,45.0,r_ankle,29.32173289496338,-2.377647575432926,-6.485952018553818,60.67829155627947,1,59.69806503192281
45,46.0,r_ankle,29.038094415649304,-2.396854720046458,-6.459220111588002,60.968758858716384,1,60.00873714554507
46,47.0,r_ankle,28.758449869023952,-2.340960288114159,-6.5038799611470415,61.2415745822189,1,60.31657537087453
47,48.0,r_ankle,28.482603584565783,-2.242836242782908,-6.616872827560271,61.513945327008486,1,60.62593866904403
48,49.0,r_ankle,28.195051989319946,-2.1638020658559878,-6.7653964692030994,61.801496922254366,1,60.94355468208306
49,50.0,r_ankle,27.87939607394876,-2.1465900001667366,-6.898042215379249,62.1206283772941,1,61.27988199713141
50,51.0,r_ankle,27.52776154051193,-2.1855338715232273,-6.9700265354935524,62.479091733853764,1,61.64076426744999
51,52.0,r_ankle,27.139088079069268,-2.237819525093373,-6.961992523980008,62.86093637217357,1,62.02174601594718
52,53.0,r_ankle,26.730357585376524,-2.269672196950672,-6.886478402077995,63.266191326197756,1,62.42386006939468
53,54.0,r_ankle,26.314314650131866,-2.288422184605845,-6.7711823239118925,63.68223426144242,1,62.84195582561872
54,55.0,r_ankle,25.89832863503935,-2.3327675703886723,-6.641094204115049,64.10169581620352,1,63.27086157950724
55,56.0,r_ankle,25.48230276463513,-2.4345174447703197,-6.507385646693,64.52455050973057,1,63.70857507719857
56,57.0,r_ankle,25.056171400202036,-2.587805410003569,-6.366049889920914,64.94385305104085,1,64.15024520385589
57,58.0,r_ankle,24.617964613476083,-2.75530155173581,-6.210500627540388,65.37858429809823,1,64.60427535784696
58,59.0,r_ankle,24.163433503202434,-2.899704655266245,-6.04230264584356,65.83311540837187,1,65.0727530214592
59,60.0,r_ankle,23.69252183227487,-3.009613445653295,-5.8776196379225345,66.307502618968,1,65.5547937172868
60,61.0,r_ankle,23.208627413681025,-3.097291389063134,-5.737370290390651,66.79822586068467,1,66.05022030036011
61,62.0,r_ankle,22.71212683717735,-3.1791787775740206,-5.631138346132664,67.28789761406549,1,66.55018426633174
62,63.0,r_ankle,22.21137708178359,-3.2616428396253925,-5.554955978178128,67.78517182979073,1,67.06023592417776
63,64.0,r_ankle,21.70908865552557,-3.3370240217058376,-5.494098309905538,68.28746025604873,1,67.57794534427066
64,65.0,r_ankle,21.206973865357774,-3.3958314653569905,-5.435878271297526,68.7930505858851,1,68.10193739132342
65,66.0,r_ankle,20.70596142502094,-3.4394307517052796,-5.376780830148329,69.30089184934475,1,68.63338483371513
66,67.0,r_ankle,20.20203016089226,-3.4764506636948673,-5.318586321168919,69.79799429035062,1,69.16612986615397
67,68.0,r_ankle,19.698168892992303,-3.512351088620528,-5.267786183330458,70.29838001858201,1,69.7072163620212
68,69.0,r_ankle,19.19425758477112,-3.5446810477481963,-5.234453127785002,70.80229132680321,1,70.25476855760355
69,70.0,r_ankle,18.691688258206035,-3.5636688883567578,-5.23102821587641,71.30833619303681,1,70.80897129470173
70,71.0,r_ankle,18.19190875276081,-3.553553772301831,-5.262417603103747,71.81494452160486,1,71.36902176526033
71,72.0,r_ankle,17.690453550097182,-3.506341208718422,-5.320225764713439,72.30957090114569,1,71.92952432991298
72,73.0,r_ankle,17.185816319634185,-3.4378708626321273,-5.388734810638813,72.81073259194008,1,72.49674209208307
73,74.0,r_ankle,16.671135881584384,-3.3800499226194067,-5.447812251533345,73.3254130299899,1,73.06837847035833
74,75.0,r_ankle,16.14272201433341,-3.3613787416900136,-5.485209336204921,73.85730243690942,1,73.6416623629511
75,76.0,r_ankle,15.604133268263439,-3.390799484273128,-5.508517654144159,74.40272000610227,1,74.20831792525381
76,77.0,r_ankle,15.061920322297388,-3.4533340578539673,-5.541756557290635,74.93810412894547,1,74.7534962588924
77,78.0,r_ankle,14.528821348698981,-3.5206498972951525,-5.607383892683222,75.46772756287531,1,75.27818439366018
78,79.0,r_ankle,14.010053295447836,-3.5692377330444844,-5.706072711745081,75.98649561612643,1,75.78414003643363
79,80.0,r_ankle,13.505556344527594,-3.6014058753556415,-5.8226939013613705,76.49446810671526,1,76.2742745202657
80,81.0,r_ankle,13.01242897905805,-3.6443868876200627,-5.938442840792299,76.99442429530768,1,76.74915306306531
81,82.0,r_ankle,12.525993103253262,-3.728105178031315,-6.03223128671844,77.47403134798957,1,77.1956921395074
82,83.0,r_ankle,12.050014307629121,-3.863713890338981,-6.088875819098783,77.94653460394515,1,77.6112935355874
83,84.0,r_ankle,11.588384026685006,-4.030904785105934,-6.109565246912167,78.40816488488927,1,77.99353321271991
84,85.0,r_ankle,11.144273623742457,-4.193344674647169,-6.111382520777581,78.8557508275004,1,78.34553990335232
85,86.0,r_ankle,10.717467388987815,-4.329854611267671,-6.105326651039402,79.28938588537788,1,78.67849427122479
86,87.0,r_ankle,10.304494245359937,-4.449874869101242,-6.091828415732964,79.69553020588292,1,78.99278454044185
87,88.0,r_ankle,9.913164961534989,-4.579246480614896,-6.0954385919621075,80.08338395003926,1,79.29618362926014
88,89.0,r_ankle,9.562223921414617,-4.728201299243458,-6.185206967075601,80.4343249901597,1,79.57777756582209
89,90.0,r_ankle,9.281987372598776,-4.878989447895166,-6.466854028077845,80.71803707864409,1,79.81960946757832
90,91.0,r_ankle,9.100847717729255,-4.9949286644503665,-7.035319501333948,80.90600555663647,1,80.00462123708152
91,92.0,r_ankle,9.024605842675834,-5.039148881415316,-7.912917454777475,80.97541860856704,1,80.11694792532569
92,93.0,r_ankle,9.03315273559383,-4.99968849695878,-9.025712800437239,80.9633961759805,1,80.17685366706354
93,94.0,r_ankle,9.08778073792263,-4.8963667541780245,-10.232406444124589,80.90876817365168,1,80.20343814170285
94,95.0,r_ankle,9.14824005316713,-4.772315499658517,-11.385134098971326,80.85178439807572,1,80.22120195938741
95,96.0,r_ankle,9.197286106681398,-4.657310465680549,-12.397178498120281,80.80956716768434,1,80.2380433086723
96,97.0,r_ankle,9.22373088890586,-4.561542775942089,-13.231043623950177,80.77629356233702,1,80.25359430585385
97,98.0,r_ankle,9.246221431479478,-4.456879488488566,-13.919623886760597,80.75032748009481,1,80.26378619205133
98,99.0,r_ankle,9.256443490534764,-4.334894419678867,-14.4753328244913,80.74010542103956,1,80.28022761344178
99,100.0,r_ankle,9.285174240231694,-4.1724936067387945,-14.968421030745839,80.71485021101115,1,80.27885170070005
100,1.0,l_ankle,28.130452075044722,-16.35463399204816,-5.255982443073446,61.87640119932098,1,61.6227002109379
101,2.0,l_ankle,28.28736341287361,-16.380260428495873,-5.2660638527645975,61.71266103836926,1,61.468766181842
102,3.0,l_ankle,28.524212879616034,-16.421652940971416,-5.289386841608572,61.47233603195825,1,61.24258294797238
103,4.0,l_ankle,28.764550044260552,-16.455604095780128,-5.280155547880901,61.231998867313735,1,61.01081566893666
104,5.0,l_ankle,28.996015299507594,-16.45328273470869,-5.204526748059046,61.00400915173524,1,60.77299679465976
105,6.0,l_ankle,29.187513761484166,-16.395939083699904,-5.042666216732611,60.81933951288155,1,60.54931165556843
106,7.0,l_ankle,29.32907878439946,-16.28306630662745,-4.80382271779263,60.670945666843394,1,60.33778528575836
107,8.0,l_ankle,29.436390732133365,-16.138935398495676,-4.514222476762453,60.56015817944095,1,60.14467813259499
108,9.0,l_ankle,29.540946414690808,-15.992672853316618,-4.197714202252436,60.45560249688346,1,59.95674358313946
109,10.0,l_ankle,29.671587292173353,-15.869446585005088,-3.867021098002531,60.32843715906951,1,59.76137314537228
110,11.0,l_ankle,29.843810512941758,-15.785514357755236,-3.536451483586259,60.16304276142396,1,59.553734516745415
111,12.0,l_ankle,30.04575987747625,-15.744860293850852,-3.2301528036790943,59.95426457376658,1,59.33176809135921
112,13.0,l_ankle,30.265754141088088,-15.749426095912087,-2.9732130019752976,59.73079477048622,1,59.109662086782414
113,14.0,l_ankle,30.488189800817658,-15.792034049617076,-2.7690147108261396,59.508359110756636,1,58.8898536344976
114,15.0,l_ankle,30.707879956954237,-15.863178976048228,-2.595774840645163,59.29214449428863,1,58.67079087526963
115,16.0,l_ankle,30.928678416768733,-15.953854372037128,-2.4262631303728064,59.078174857596956,1,58.451545286174294
116,17.0,l_ankle,31.149981639157605,-16.052430186520382,-2.2547644336928196,58.850042812085256,1,58.22694785292059
117,18.0,l_ankle,31.377087980050796,-16.15263913522951,-2.1090864649168193,58.6194609315235,1,58.00426463373809
118,19.0,l_ankle,31.602184316333087,-16.244670229398544,-2.0293990316851254,58.39436459524121,1,57.78308141965297
119,20.0,l_ankle,31.814190940088864,-16.321074644099415,-2.0348620017845995,58.185833511154016,1,57.56499828813702
120,21.0,l_ankle,32.00420547328128,-16.378639276147247,-2.1044623028989125,58.00264780108442,1,57.352199862442674
121,22.0,l_ankle,32.16308742464794,-16.415363583390153,-2.189582144720932,57.83693702659493,1,57.14651002971898
122,23.0,l_ankle,32.299778991713566,-16.439633714291883,-2.246414058292165,57.69676991986073,1,56.95958523593242
123,24.0,l_ankle,32.421189535474404,-16.460157785642593,-2.257607009704716,57.57535937609988,1,56.79399672250329
124,25.0,l_ankle,32.533850228017954,-16.48486376844197,-2.23625587402602,57.466174223224904,1,56.649973861537816
125,26.0,l_ankle,32.64026864429039,-16.51530234613115,-2.2114751352313093,57.36658463007531,1,56.52568321177395
126,27.0,l_ankle,32.732055095574964,-16.542863469481233,-2.2092770580528476,57.2679693556679,1,56.415977831285645
127,28.0,l_ankle,32.81013863310641,-16.56435955345635,-2.243857919905107,57.18641027846789,1,56.3263203457527
128,29.0,l_ankle,32.870140776802444,-16.57894242358675,-2.315046641251906,57.12640813477184,1,56.25818436308293
129,30.0,l_ankle,32.910115039269115,-16.59000240276383,-2.4115331077576294,57.08990941197373,1,56.21136769643813
130,31.0,l_ankle,32.93024132917943,-16.600420927277234,-2.5166158535340353,57.076611945186265,1,56.187592522428005
131,32.0,l_ankle,32.92602392428366,-16.607849284444324,-2.6165589303265446,57.074000526959175,1,56.182933432330984
132,33.0,l_ankle,32.906154439775676,-16.615472878467283,-2.708190120987016,57.090394471798604,1,56.20240268740973
133,34.0,l_ankle,32.87415363184747,-16.623536627712355,-2.7948945757048382,57.12239527972683,1,56.24561572381345
134,35.0,l_ankle,32.8338556209265,-16.63175519307311,-2.8775377251269125,57.166168830316366,1,56.30904923620808
135,36.0,l_ankle,32.78812137955094,-16.638732899374222,-2.947808857246839,57.218731894814745,1,56.38979475448681
136,37.0,l_ankle,32.731085099869595,-16.639716655391982,-2.9919494053657707,57.26893935137328,1,56.478767923936665
137,38.0,l_ankle,32.66528892881832,-16.63766836435479,-3.0039765716619695,57.33125998275597,1,56.581421425357675
138,39.0,l_ankle,32.58472794597276,-16.634682146903092,-2.9916986999188953,57.411820965601564,1,56.70106667317335
139,40.0,l_ankle,32.48342960506178,-16.634293537378248,-2.9726272638555487,57.51659484618107,1,56.8443469072183
140,41.0,l_ankle,32.35766066898975,-16.639704349543337,-2.9617397512046595,57.64919260537592,1,57.01640867762377
141,42.0,l_ankle,32.20120232173727,-16.64994059128161,-2.961652858973758,57.798822129505595,1,57.20992881271358
142,43.0,l_ankle,32.02299536446575,-16.670362184621492,-2.9642842858987755,57.97355354710854,1,57.42575449898479
143,44.0,l_ankle,31.826844632894087,-16.703278124908785,-2.9568922480104196,58.16970427868021,1,57.65774384365699
144,45.0,l_ankle,31.611807805324958,-16.747134732855486,-2.9293288856570032,58.388216645917915,1,57.90825830107302
145,46.0,l_ankle,31.368947679722535,-16.792836881835182,-2.8768251370222164,58.637905594643186,1,58.18655569132526
146,47.0,l_ankle,31.079261884139285,-16.82230314866774,-2.800647717802416,58.92076256710357,1,58.49803914866746
147,48.0,l_ankle,30.739341851261564,-16.824503981656843,-2.7115095202530934,59.25720706031274,1,58.85124767817514
148,49.0,l_ankle,30.351529356353474,-16.79349495439905,-2.627339886519054,59.64501955522083,1,59.23712077580153
149,50.0,l_ankle,29.93041959078582,-16.736948215752594,-2.565430975927586,60.06960486045705,1,59.640674164803386
150,51.0,l_ankle,29.497326317748417,-16.676973247085947,-2.5326022707519007,60.50952695661726,1,60.049281632276546
151,52.0,l_ankle,29.06577320446761,-16.639515732165297,-2.52494957595495,60.93425124677524,1,60.454740633697796
152,53.0,l_ankle,28.6494272325915,-16.649017687144962,-2.5372685763722633,61.347121678982795,1,60.86538905305467
153,54.0,l_ankle,28.243176313467792,-16.70568069721109,-2.566786305676713,61.753372598106495,1,61.28829197655192
154,55.0,l_ankle,27.83264700968022,-16.78767845110495,-2.61274408579802,62.167377441562614,1,61.72954162637315
155,56.0,l_ankle,27.402445851620254,-16.864149372157307,-2.671768665149877,62.604407422745425,1,62.19352546694637
156,57.0,l_ankle,26.938583396952446,-16.9084977194025,-2.733691133601564,63.06144105429042,1,62.67563795520053
157,58.0,l_ankle,26.44665486826086,-16.91724616463629,-2.7844260907794602,63.54989404331345,1,63.17903160668078
158,59.0,l_ankle,25.934531626875554,-16.900320719837666,-2.8110566153271943,64.06201728469875,1,63.698965241466325
159,60.0,l_ankle,25.411577629647336,-16.877395667830772,-2.812010558899482,64.58844682159555,1,64.23020136916094
160,61.0,l_ankle,24.88319225848329,-16.867892451185224,-2.8024260040982814,65.1236610158824,1,64.77272885963093
161,62.0,l_ankle,24.344373381179825,-16.879098405334958,-2.806325690014613,65.655651070063,1,65.32133459346164
162,63.0,l_ankle,23.79530770719212,-16.9124199932758,-2.8400867302956327,66.20124120438219,1,65.885846556264
163,64.0,l_ankle,23.23145619897635,-16.957524128816026,-2.898581903774809,66.76509271259793,1,66.46681925911817
164,65.0,l_ankle,22.651388512436643,-17.003689248996974,-2.9608703369050744,67.34863593880624,1,67.06232361939806
165,66.0,l_ankle,22.057684019100012,-17.045925437477457,-3.004615516646357,67.94916925526569,1,67.6697057125046
166,67.0,l_ankle,21.45129307165488,-17.083086791259305,-3.01492484444765,68.548731379588,1,68.27856999767047
167,68.0,l_ankle,20.841131391662564,-17.125299703455884,-2.985680218673309,69.15541751991171,1,68.89345341095239
168,69.0,l_ankle,20.229645733597017,-17.17902433370223,-2.9155028670346876,69.76690317797726,1,69.5124540457794
169,70.0,l_ankle,19.616348009388023,-17.24646997105248,-2.810701819111853,70.38367644185487,1,70.13689906278222
170,71.0,l_ankle,18.99932154594609,-17.32589036314448,-2.688146771525997,71.00753172841964,1,70.76697862786872
171,72.0,l_ankle,18.374086421018315,-17.410109865592634,-2.57010345016283,71.62593803022456,1,71.39727057238942
172,73.0,l_ankle,17.746012960399195,-17.497558527768458,-2.4759607594152677,72.2505359511751,1,72.03181152403198
173,74.0,l_ankle,17.1195743582701,-17.58384731337973,-2.4141463407262616,72.87697455330418,1,72.66431007177377
174,75.0,l_ankle,16.500494691289166,-17.665845547705782,-2.3816989085619182,73.49952975995366,1,73.28906449897676
175,76.0,l_ankle,15.894168281105225,-17.741640960937783,-2.3677764029349,74.11268499326046,1,73.89899324190766
176,77.0,l_ankle,15.301746130448281,-17.807990632974448,-2.3592360727570294,74.69827832079454,1,74.48337559889868
177,78.0,l_ankle,14.729285099820306,-17.87032092337635,-2.3468650228362247,75.26726381175402,1,75.04537145309007
178,79.0,l_ankle,14.178579024981103,-17.93095821724023,-2.3256603454125995,75.81796988659319,1,75.58471852331127
179,80.0,l_ankle,13.65042246057912,-17.990408484565986,-2.296043826026638,76.34960199066373,1,76.10079646132267
180,81.0,l_ankle,13.144893708674084,-18.04764264427297,-2.263867451342172,76.8619595656916,1,76.59339050656354
181,82.0,l_ankle,12.65939805539204,-18.09922277626105,-2.2364484225318755,77.34062639585083,1,77.05287237740293
182,83.0,l_ankle,12.197303494907047,-18.150039523147004,-2.2177122449846465,77.79924541666726,1,77.482206256984
183,84.0,l_ankle,11.759829171448239,-18.201654957087676,-2.203947720414042,78.23671974012605,1,77.88289208934083
184,85.0,l_ankle,11.34782695145489,-18.254660940759546,-2.1858148827667856,78.65219749978795,1,78.25701418999034
185,86.0,l_ankle,10.960767340292998,-18.30730443899281,-2.150821653312206,79.04608593407268,1,78.610074133676
186,87.0,l_ankle,10.594294296420362,-18.350800901867462,-2.086506667037823,79.40573015482252,1,78.93710947773711
187,88.0,l_ankle,10.248284578211619,-18.38210073092459,-1.9868443015188821,79.74826433336268,1,79.2473218305056
188,89.0,l_ankle,9.921801099277006,-18.399629956372276,-1.8558739427698228,80.07474781229732,1,79.54084155842122
189,90.0,l_ankle,9.615992907715555,-18.409433255551566,-1.713029204377365,80.38403154352734,1,79.81752145664487
190,91.0,l_ankle,9.333054733553384,-18.420786830127014,-1.5935718633475446,80.67379854081231,1,80.07667440946616
191,92.0,l_ankle,9.072629095533143,-18.436407011731863,-1.5323939965348141,80.92739535570973,1,80.30771664925305
192,93.0,l_ankle,8.836411270037848,-18.459552946234318,-1.5328728379287566,81.16013764153644,1,80.52082816656326
193,94.0,l_ankle,8.623155912733829,-18.482983388642193,-1.5392473209942688,81.37339299884046,1,80.71630687568171
194,95.0,l_ankle,8.42965553175028,-18.495060751453487,-1.4563395155695595,81.5703689194926,1,80.89899744205377
195,96.0,l_ankle,8.253505367650295,-18.487302470481392,-1.2015914039019076,81.7533479067154,1,81.06920787486678
196,97.0,l_ankle,8.087884924671997,-18.460893798769128,-0.7808398562499775,81.91213952657088,1,81.22297372753839
197,98.0,l_ankle,7.932963990502502,-18.435157970431113,-0.27610408968594147,82.06358492107178,1,81.36544491431732
198,99.0,l_ankle,7.780439207894252,-18.425774350100895,0.1850816398875178,82.21610970368005,1,81.50416952733919
199,100.0,l_ankle,7.632090604950729,-18.43273603815825,0.5546031382699516,82.36793384629213,1,81.63116437593746
200,1.0,r_knee,-93.91248456596402,-9.393892799672432,-6.995009903587842,93.91248456596402,1,94.40212422466021
201,2.0,r_knee,-93.75222021250367,-9.3432733305658,-7.0075166362084715,93.75222021250367,1,94.28450714912545
202,3.0,r_knee,-93.68504798470109,-9.255662992414575,-7.051399601638678,93.68504798470109,1,94.23859298485701
203,4.0,r_knee,-93.58849116430127,-9.12663358874277,-7.082896567220497,93.58849116430127,1,94.14838396538539
204,5.0,r_knee,-93.47326250853648,-8.968262641232435,-7.050872102354665,93.47326250853648,1,94.04463639129762
205,6.0,r_knee,-93.3076334461006,-8.797491026663103,-6.906439605466002,93.3076334461006,1,93.90597386154926
206,7.0,r_knee,-93.06805270174532,-8.631924054079127,-6.640782425456906,93.06805270174532,1,93.72121489137385
207,8.0,r_knee,-92.7601238640187,-8.491962592341904,-6.300445652545609,92.7601238640187,1,93.486243181411
208,9.0,r_knee,-92.38857996355807,-8.3919051479642,-5.96529302996636,92.38857996355807,1,93.20430817210276
209,10.0,r_knee,-91.9581771126101,-8.33675683452663,-5.705706992720916,91.9581771126101,1,92.87417254492598
210,11.0,r_knee,-91.48243625953818,-8.3226119888819,-5.555724876187951,91.48243625953818,1,92.50389384566111
211,12.0,r_knee,-90.95888622658185,-8.339095693842372,-5.509326789727196,90.95888622658185,1,92.0884267302294
212,13.0,r_knee,-90.42119849923418,-8.376487991994788,-5.537191745192771,90.42119849923418,1,91.64759489600219
213,14.0,r_knee,-89.88222584885969,-8.417969816359772,-5.599709874710292,89.88222584885969,1,91.18959314447568
214,15.0,r_knee,-89.34797364312541,-8.440772813557095,-5.661432688219347,89.34797364312541,1,90.72145795427454
215,16.0,r_knee,-88.81782905510326,-8.424784563108005,-5.696808695000102,88.81782905510326,1,90.2484570099746
216,17.0,r_knee,-88.27189987637904,-8.362465198901587,-5.690497227885435,88.27189987637904,1,89.76390813228814
217,18.0,r_knee,-87.72395615408246,-8.265869379155642,-5.643791837869365,87.72395615408246,1,89.27541072966932
218,19.0,r_knee,-87.1716001801081,-8.151219443750168,-5.573945021772654,87.1716001801081,1,88.77639437507851
219,20.0,r_knee,-86.61038903285102,-8.026742605870298,-5.50935997001399,86.61038903285102,1,88.2609870735739
220,21.0,r_knee,-86.03118917637245,-7.892222712078131,-5.471127249436882,86.03118917637245,1,87.71957008267987
221,22.0,r_knee,-85.40459810661324,-7.750176581344228,-5.454649474149773,85.40459810661324,1,87.13741611468927
222,23.0,r_knee,-84.73573606203944,-7.618574835182907,-5.435830332032833,84.73573606203944,1,86.5153344235267
223,24.0,r_knee,-84.02561174791126,-7.520003369493959,-5.3917561623542545,84.02561174791126,1,85.85174196502672
224,25.0,r_knee,-83.28890106027043,-7.468335329504957,-5.323054169983925,83.28890106027043,1,85.15492967655082
225,26.0,r_knee,-82.54422543547662,-7.457695839048912,-5.251896085588415,82.54422543547662,1,84.43577992159715
226,27.0,r_knee,-81.78568152470812,-7.462538249977264,-5.200038231205066,81.78568152470812,1,83.69521499577115
227,28.0,r_knee,-81.02327138296933,-7.45586185745743,-5.173497516820022,81.02327138296933,1,82.93796290311991
228,29.0,r_knee,-80.24201796272759,-7.4205171348646335,-5.157821227444548,80.24201796272759,1,82.15442521464752
229,30.0,r_knee,-79.42747902798496,-7.355036711078252,-5.130237472739591,79.42747902798496,1,81.32973709463907
230,31.0,r_knee,-78.57421627268054,-7.2673641466673775,-5.074674537809386,78.57421627268054,1,80.45543965668844
231,32.0,r_knee,-77.67353383878917,-7.166755693376064,-4.99154598928368,77.67353383878917,1,79.52420722272853
232,33.0,r_knee,-76.75255706079345,-7.0658348102917214,-4.899454857263922,76.75255706079345,1,78.55188287689775
233,34.0,r_knee,-75.82214208992909,-6.975395193607419,-4.819660316478768,75.82214208992909,1,77.55490334569822
234,35.0,r_knee,-74.88577498275274,-6.900465368100516,-4.761428151508829,74.88577498275274,1,76.54608412854114
235,36.0,r_knee,-73.94050222179656,-6.8347302279234015,-4.714345990580255,73.94050222179656,1,75.53114309908557
236,37.0,r_knee,-72.96835889979846,-6.761266262876091,-4.65136689847639,72.96835889979846,1,74.49609327400027
237,38.0,r_knee,-71.98157762362246,-6.667959576359894,-4.545133540163929,71.98157762362246,1,73.43656568007692
238,39.0,r_knee,-70.98121575460662,-6.557620896896397,-4.382659988632283,70.98121575460662,1,72.34436265955767
239,40.0,r_knee,-69.96675507706946,-6.45352645935544,-4.176921586090907,69.96675507706946,1,71.2206902132537
240,41.0,r_knee,-68.93217063163377,-6.384540014380837,-3.960259430171874,68.93217063163377,1,70.07009936819408
241,42.0,r_knee,-67.85402787412606,-6.359078652759776,-3.7687661593491057,67.85402787412606,1,68.88645784874531
242,43.0,r_knee,-66.7362585523365,-6.358175487960825,-3.640844765143024,66.7362585523365,1,67.67399107372809
243,44.0,r_knee,-65.58001450464404,-6.344624143380535,-3.607786646754714,65.58001450464404,1,66.42896324088505
244,45.0,r_knee,-64.40056006790297,-6.2860959258497795,-3.6746790841462507,64.40056006790297,1,65.15635888608759
245,46.0,r_knee,-63.22185812233993,-6.170601573939256,-3.8113372234133833,63.22185812233993,1,63.86802883867719
246,47.0,r_knee,-62.05079319868648,-6.008829716595766,-3.96922931201238,62.05079319868648,1,62.57263260960033
247,48.0,r_knee,-60.89954412971096,-5.830295939370701,-4.1120520274711,60.89954412971096,1,61.283187527232826
248,49.0,r_knee,-59.749573203030835,-5.665954318802653,-4.227629750977004,59.749573203030835,1,59.99610114004735
249,50.0,r_knee,-58.57586076885374,-5.53511585507958,-4.322932718128443,58.57586076885374,1,58.70017466382696
250,51.0,r_knee,-57.36257210129576,-5.439184613722016,-4.408523705987903,57.36257210129576,1,57.38493596896154
251,52.0,r_knee,-56.09901914203218,-5.366385361804267,-4.487924351777149,56.09901914203218,1,56.04334056311564
252,53.0,r_knee,-54.8065791916874,-5.307149342494488,-4.560873299393319,54.8065791916874,1,54.68387417011134
253,54.0,r_knee,-53.49738965645908,-5.258926275618977,-4.626331672431106,53.49738965645908,1,53.312850105892025
254,55.0,r_knee,-52.179062525367094,-5.226328498589024,-4.685358139525595,52.179062525367094,1,51.93369220051993
255,56.0,r_knee,-50.85455898575448,-5.214425501901627,-4.737422222457671,50.85455898575448,1,50.55013126717538
256,57.0,r_knee,-49.51479747430525,-5.221726898222758,-4.774952214399831,49.51479747430525,1,49.161662967681806
257,58.0,r_knee,-48.168198044397954,-5.240590412184276,-4.786323425554104,48.168198044397954,1,47.77583613489939
258,59.0,r_knee,-46.81345222943745,-5.254093960999394,-4.7620035769017495,46.81345222943745,1,46.390348630665095
259,60.0,r_knee,-45.45086292103191,-5.240452976647173,-4.705835096686956,45.45086292103191,1,44.99775390169998
260,61.0,r_knee,-44.08341376333274,-5.181741483264136,-4.637234089983246,44.08341376333274,1,43.594431439779335
261,62.0,r_knee,-42.708192195690145,-5.073869424649363,-4.576738906104376,42.708192195690145,1,42.18087216766051
262,63.0,r_knee,-41.340546597530555,-4.935120090813149,-4.525410402866337,41.340546597530555,1,40.77646538949534
263,64.0,r_knee,-39.9877905986718,-4.7978159368517765,-4.452477686787559,39.9877905986718,1,39.39346991684479
264,65.0,r_knee,-38.65452229646911,-4.692779279768478,-4.313235063970621,38.65452229646911,1,38.034075063123296
265,66.0,r_knee,-37.339552719397915,-4.632866736776289,-4.0853010467931545,37.339552719397915,1,36.69089962422599
266,67.0,r_knee,-36.02913267714622,-4.6090772572196235,-3.794223739180468,36.02913267714622,1,35.3498394069891
267,68.0,r_knee,-34.722106410742896,-4.603816785313594,-3.5054531626130148,34.722106410742896,1,34.00724427359361
268,69.0,r_knee,-33.41291763692043,-4.601239051943,-3.2806313336609314,33.41291763692043,1,32.65967944214083
269,70.0,r_knee,-32.099868993644826,-4.59638943288522,-3.1420109798975973,32.099868993644826,1,31.306917452121848
270,71.0,r_knee,-30.78354071368892,-4.594904124354459,-3.0700354082061256,30.78354071368892,1,29.946730152955933
271,72.0,r_knee,-29.45943269059026,-4.604078363701614,-3.0278025981413546,29.45943269059026,1,28.57404366960482
272,73.0,r_knee,-28.135356880596373,-4.626557182680795,-2.989766191894474,28.135356880596373,1,27.192228095415707
273,74.0,r_knee,-26.81440870323876,-4.654449798095777,-2.948365240139422,26.81440870323876,1,25.810490330375725
274,75.0,r_knee,-25.501310320090962,-4.673870070843586,-2.906452803637889,25.501310320090962,1,24.44768306314203
275,76.0,r_knee,-24.20257309145308,-4.671739628536824,-2.8665122463059816,24.20257309145308,1,23.124686344705793
276,77.0,r_knee,-22.920590754952602,-4.640533932339425,-2.826322614371546,22.920590754952602,1,21.852173230981535
277,78.0,r_knee,-21.664699312503974,-4.58130505967082,-2.7830424703856336,21.664699312503974,1,20.630232782602192
278,79.0,r_knee,-20.43508720959015,-4.497104264783095,-2.7348688522171174,20.43508720959015,1,19.448395544575888
279,80.0,r_knee,-19.228587356271795,-4.389015664672082,-2.6828921808892954,19.228587356271795,1,18.300300152283175
280,81.0,r_knee,-18.041610943149347,-4.25604174571082,-2.6294423708242682,18.041610943149347,1,17.192944540976548
281,82.0,r_knee,-16.868927349815124,-4.098803091298062,-2.5741611511718756,16.868927349815124,1,16.140365987912997
282,83.0,r_knee,-15.716455189085574,-3.926569091403402,-2.511858173039009,15.716455189085574,1,15.157887768607175
283,84.0,r_knee,-14.590521900336476,-3.756981092217046,-2.430690689949723,14.590521900336476,1,14.247472007993405
284,85.0,r_knee,-13.497302556554223,-3.6121884262161723,-2.3171956442808015,13.497302556554223,1,13.397210067778397
285,86.0,r_knee,-12.437129938597229,-3.5060870209877537,-2.1651392291313623,12.437129938597229,1,12.58838569389939
286,87.0,r_knee,-11.404984822695901,-3.430765796141832,-1.9825376395768328,11.404984822695901,1,11.804833456489927
287,88.0,r_knee,-10.415896534064755,-3.3603487745127985,-1.7920110031180665,10.415896534064755,1,11.051505926371338
288,89.0,r_knee,-9.511811953372272,-3.2679868156961924,-1.6202962000810532,9.511811953372272,1,10.355670507272473
289,90.0,r_knee,-8.76161186349246,-3.1467733509519955,-1.4887440980146716,8.76161186349246,1,9.761169288754779
290,91.0,r_knee,-8.231760114858394,-3.0124153784309216,-1.4080848627102072,8.231760114858394,1,9.307412708381774
291,92.0,r_knee,-7.9444436512491485,-2.8867646599568677,-1.3766091295124625,7.9444436512491485,1,9.00604980825506
292,93.0,r_knee,-7.860657404742545,-2.7834989554948417,-1.3821466048972455,7.860657404742545,1,8.832398279832034
293,94.0,r_knee,-7.904569131710725,-2.7047607385386336,-1.4068050447111922,7.904569131710725,1,8.745984016784819
294,95.0,r_knee,-7.9824865936313305,-2.6464709173115795,-1.4334467438981187,7.9824865936313305,1,8.69237822697648
295,96.0,r_knee,-8.058337152325045,-2.603506096811344,-1.4546186836710002,8.058337152325045,1,8.660559494739228
296,97.0,r_knee,-8.087123951957789,-2.5666875515913894,-1.4674698946027256,8.087123951957789,1,8.616056308127929
297,98.0,r_knee,-8.122024908183889,-2.531832078942897,-1.4788944101528225,8.122024908183889,1,8.603625391778234
298,99.0,r_knee,-8.110626094712122,-2.4934160262862526,-1.486993383002335,8.110626094712122,1,8.563614442004456
299,100.0,r_knee,-8.184477181993143,-2.4595141706097823,-1.5006514505970474,8.184477181993143,1,8.611530656142747
300,1.0,l_knee,-96.10016653937761,2.663233590543244,1.4336932240996494,96.10016653937761,1,96.26292483423305
301,2.0,l_knee,-95.92735314861184,2.642663701593806,1.365612086258065,95.92735314861184,1,96.09732180281287
302,3.0,l_knee,-95.84462246484156,2.613121997158817,1.325771754202189,95.84462246484156,1,96.01821728291688
303,4.0,l_knee,-95.73869439237198,2.5653297442910374,1.3518659587043715,95.73869439237198,1,95.91637029774611
304,5.0,l_knee,-95.61981208391197,2.4934231876642734,1.4321591008045065,95.61981208391197,1,95.80835013477713
305,6.0,l_knee,-95.4490470263031,2.4076600122063208,1.5201121654089471,95.4490470263031,1,95.66417649592262
306,7.0,l_knee,-95.19208923600685,2.324608346654609,1.5500362446523397,95.19208923600685,1,95.46456831455859
307,8.0,l_knee,-94.85438159497626,2.2583471109633733,1.4776724433286301,94.85438159497626,1,95.20272922780372
308,9.0,l_knee,-94.45549652500777,2.2107195451671373,1.3009772303360232,94.45549652500777,1,94.88479411831335
309,10.0,l_knee,-94.02470435140232,2.176215785073775,1.065613342556676,94.02470435140232,1,94.52044509714221
310,11.0,l_knee,-93.59407386434722,2.1531639895094123,0.8520741238411279,93.59407386434722,1,94.13133532593592
311,12.0,l_knee,-93.16213861052354,2.146760708797366,0.7492494449514147,93.16213861052354,1,93.72224591576989
312,13.0,l_knee,-92.74922016405473,2.1584638926725446,0.814412654164239,92.74922016405473,1,93.31577010703609
313,14.0,l_knee,-92.35066635496277,2.173315672264089,1.039524571007498,92.35066635496277,1,92.91633227161492
314,15.0,l_knee,-91.96180013945967,2.1649999407196043,1.3486451687494985,91.96180013945967,1,92.52474289998607
315,16.0,l_knee,-91.5791646710832,2.1151213506718247,1.6296881621422044,91.5791646710832,1,92.14049744882598
316,17.0,l_knee,-91.17972533056664,2.0304224643223816,1.7844394472500382,91.17972533056664,1,91.75141009389793
317,18.0,l_knee,-90.76862068303878,1.9433807053066294,1.7706037872980938,90.76862068303878,1,91.35964416871671
318,19.0,l_knee,-90.33006420548183,1.8908642980906338,1.6108505660254948,90.33006420548183,1,90.9532940820058
319,20.0,l_knee,-89.852985713915,1.888004352865066,1.370211615557122,89.852985713915,1,90.52516910747923
320,21.0,l_knee,-89.33827451569624,1.917072497390646,1.1222579409568596,89.33827451569624,1,90.07099110297537
321,22.0,l_knee,-88.7819651113013,1.9426816600413817,0.9218035691219523,88.7819651113013,1,89.58721884022253
322,23.0,l_knee,-88.2182059578826,1.9387825558078002,0.7879425521024414,88.2182059578826,1,89.08707446101243
323,24.0,l_knee,-87.66058165976999,1.900739795117579,0.7007620701245988,87.66058165976999,1,88.57313118758594
324,25.0,l_knee,-87.11332787718123,1.8405333158182093,0.6160892266934472,87.11332787718123,1,88.04568989807936
325,26.0,l_knee,-86.5706134125009,1.7739819413095452,0.49255516365894925,86.5706134125009,1,87.49940555488395
326,27.0,l_knee,-86.00240946459465,1.7140060944618638,0.3176295167541941,86.00240946459465,1,86.91864920218016
327,28.0,l_knee,-85.40530573517304,1.6749387786763226,0.11780072147655142,85.40530573517304,1,86.29857358132536
328,29.0,l_knee,-84.75904530952934,1.6735003433745232,-0.056883440955954837,84.75904530952934,1,85.62946861817738
329,30.0,l_knee,-84.05236425757977,1.7200196548007125,-0.1644577012697604,84.05236425757977,1,84.90699691523147
330,31.0,l_knee,-83.2923615660593,1.8066051130912602,-0.19630378100473472,83.2923615660593,1,84.13946177273806
331,32.0,l_knee,-82.48539210265032,1.9111861272398851,-0.17868675736113443,82.48539210265032,1,83.33216670084366
332,33.0,l_knee,-81.66894353408638,2.0143550707362303,-0.1544932215869221,81.66894353408638,1,82.50238352772712
333,34.0,l_knee,-80.85455878379595,2.1059895445243035,-0.16085512653835107,80.85455878379595,1,81.65611278658848
334,35.0,l_knee,-80.04213015780117,2.1808131155269947,-0.21555318664750292,80.04213015780117,1,80.79219408026083
335,36.0,l_knee,-79.22464604035027,2.2313002790731815,-0.3160648467403797,79.22464604035027,1,79.90854651649391
336,37.0,l_knee,-78.37923844806141,2.2488774196441335,-0.4466663386654504,78.37923844806141,1,78.99340926076954
337,38.0,l_knee,-77.51522289433878,2.234992463387001,-0.5877276684999647,77.51522289433878,1,78.0526658076495
338,39.0,l_knee,-76.63076987649058,2.2067650428967376,-0.7228159157619838,76.63076987649058,1,77.08607414078807
339,40.0,l_knee,-75.7261737971991,2.1909518877462246,-0.8436987841036553,75.7261737971991,1,76.09594485993021
340,41.0,l_knee,-74.80208804307021,2.207291569928184,-0.9510923912482361,74.80208804307021,1,75.084201775285
341,42.0,l_knee,-73.84537191422034,2.2550070354443585,-1.050729115621151,73.84537191422034,1,74.04446195661518
342,43.0,l_knee,-72.87208375948858,2.3157887142586744,-1.150268865113724,72.87208375948858,1,72.9876385923015
343,44.0,l_knee,-71.88649115943882,2.3679013524447194,-1.2589720101899704,71.88649115943882,1,71.915971656604
344,45.0,l_knee,-70.89221538547386,2.401828978705287,-1.389165073836036,70.89221538547386,1,70.83124581849926
345,46.0,l_knee,-69.88728223702815,2.4226014404807494,-1.5514334760249673,69.88728223702815,1,69.72916642063953
346,47.0,l_knee,-68.84919001283663,2.4402031943478875,-1.7437508270270203,68.84919001283663,1,68.59661263311511
347,48.0,l_knee,-67.77756321406542,2.4623469877259763,-1.9440791818156922,67.77756321406542,1,67.43489863596645
348,49.0,l_knee,-66.6628441377558,2.491432474010842,-2.1135730304800613,66.6628441377558,1,66.24513926280373
349,50.0,l_knee,-65.50521825963233,2.5262446878736378,-2.218489207703347,65.50521825963233,1,65.03272068878496
350,51.0,l_knee,-64.3152580314422,2.5643761427971943,-2.2522149176609765,64.3152580314422,1,63.802356730078714
351,52.0,l_knee,-63.096285946255875,2.60618327602989,-2.2349991573214,63.096285946255875,1,62.552372870914176
352,53.0,l_knee,-61.87083408009188,2.656702875479641,-2.2002046420678205,61.87083408009188,1,61.28918083066745
353,54.0,l_knee,-60.639283918432575,2.719910134378749,-2.1746800860128506,60.639283918432575,1,60.01286993441883
354,55.0,l_knee,-59.39334128305546,2.7959466616834847,-2.160313785785354,59.39334128305546,1,58.719957441786384
355,56.0,l_knee,-58.12276188518395,2.880600088080269,-2.1346019078242255,58.12276188518395,1,57.407160504356696
356,57.0,l_knee,-56.81166522596626,2.966196389684934,-2.0755160964461274,56.81166522596626,1,56.06753880706867
357,58.0,l_knee,-55.47395647833455,3.04585701706255,-1.9803205540660729,55.47395647833455,1,54.7082228967147
358,59.0,l_knee,-54.11859998071326,3.1143541547799196,-1.8608551131248137,54.11859998071326,1,53.33322276594528
359,60.0,l_knee,-52.754160955623696,3.171801599134047,-1.7345064480753325,52.754160955623696,1,51.94535177882004
360,61.0,l_knee,-51.38383976380514,3.226304893248203,-1.6156461526455719,51.38383976380514,1,50.54709898607242
361,62.0,l_knee,-49.995608347019726,3.2907032543211963,-1.5082476726728187,49.995608347019726,1,49.13316603284841
362,63.0,l_knee,-48.59454344681515,3.3758482900340763,-1.4083482150057685,48.59454344681515,1,47.70948485319626
363,64.0,l_knee,-47.1787063621758,3.481694943656602,-1.3105527548541887,47.1787063621758,1,46.27549573648422
364,65.0,l_knee,-45.750669324505736,3.5990612189476128,-1.2130745130080658,45.750669324505736,1,44.831124376308395
365,66.0,l_knee,-44.316009903930436,3.715931310501138,-1.1179439223954357,44.316009903930436,1,43.37750118499668
366,67.0,l_knee,-42.871884289540795,3.8223388987151754,-1.0272994141395488,42.871884289540795,1,41.91365878051026
367,68.0,l_knee,-41.429836325857394,3.9147543334774757,-0.9407581711835029,41.429836325857394,1,40.45028970262299
368,69.0,l_knee,-39.991159096573234,3.9937952828370427,-0.8556117974131443,39.991159096573234,1,38.99372598138385
369,70.0,l_knee,-38.55679069455071,4.0637125751698395,-0.7698125847402352,38.55679069455071,1,37.54891751670995
370,71.0,l_knee,-37.12798278727009,4.1299184364061094,-0.6843886537275328,37.12798278727009,1,36.1160868974639
371,72.0,l_knee,-35.69841435878023,4.195304857632199,-0.6043775894749577,35.69841435878023,1,34.69214582440489
372,73.0,l_knee,-34.275475864499015,4.261413887533774,-0.5364421674324024,34.275475864499015,1,33.2821803317876
373,74.0,l_knee,-32.860956931981605,4.327149415140952,-0.48357662420954184,32.860956931981605,1,31.890520229711626
374,75.0,l_knee,-31.459506978507036,4.390027253693767,-0.4425953109413263,31.459506978507036,1,30.523485094007476
375,76.0,l_knee,-30.078152084578914,4.446189624076622,-0.4063399428114571,30.078152084578914,1,29.186534729295992
376,77.0,l_knee,-28.719209783727106,4.491118973493236,-0.3693335041863639,28.719209783727106,1,27.88286490675238
377,78.0,l_knee,-27.397643640982817,4.52442340329216,-0.33063848000791607,27.397643640982817,1,26.622316719580226
378,79.0,l_knee,-26.12286795401404,4.548414921569127,-0.2914257740210242,26.12286795401404,1,25.414771149814726
379,80.0,l_knee,-24.903219386836096,4.568171783844527,-0.25366873788080474,24.903219386836096,1,24.270554909874228
380,81.0,l_knee,-23.743891788771272,4.590126586261736,-0.22073872947148016,23.743891788771272,1,23.197909662378912
381,82.0,l_knee,-22.641365393257242,4.619583761644711,-0.1968223713836864,22.641365393257242,1,22.196239569534928
382,83.0,l_knee,-21.599859756062514,4.661372897458018,-0.1845637127091734,21.599859756062514,1,21.26377292617022
383,84.0,l_knee,-20.619177606199365,4.715759440497121,-0.1834276181761272,20.619177606199365,1,20.394409080587167
384,85.0,l_knee,-19.700657115862594,4.779015938294208,-0.1907936240830518,19.700657115862594,1,19.58224758016426
385,86.0,l_knee,-18.84506243467578,4.843859144424635,-0.20267101450339028,18.84506243467578,1,18.82369079685013
386,87.0,l_knee,-18.044435208183128,4.899982331993731,-0.2134373969664233,18.044435208183128,1,18.11247416652337
387,88.0,l_knee,-17.292529277952625,4.939472407727245,-0.21691029232476902,17.292529277952625,1,17.445153473554818
388,89.0,l_knee,-16.577245153371155,4.957835544171864,-0.21028080784336928,16.577245153371155,1,16.81540645058839
389,90.0,l_knee,-15.892390987476768,4.957793569154232,-0.19905992643212458,15.892390987476768,1,16.219052217400144
390,91.0,l_knee,-15.241549866684778,4.948211726464472,-0.19669661975467692,15.241549866684778,1,15.655503144824257
391,92.0,l_knee,-14.632308642310678,4.9369364675909875,-0.21489516051649646,14.632308642310678,1,15.126642562714729
392,93.0,l_knee,-14.076949370433425,4.925273869297227,-0.24862563777610375,14.076949370433425,1,14.638524184071835
393,94.0,l_knee,-13.586162176298718,4.900638160688457,-0.2671851150330781,13.586162176298718,1,14.200964076431795
394,95.0,l_knee,-13.154159500296998,4.843009420491633,-0.22633032701588948,13.154159500296998,1,13.809816166435413
395,96.0,l_knee,-12.784758267827067,4.7379144635709824,-0.09195028067973149,12.784758267827067,1,13.471342332288959
396,97.0,l_knee,-12.443246406906077,4.593957112281332,0.1263288359510619,12.443246406906077,1,13.154424602783282
397,98.0,l_knee,-12.142357880017808,4.441842926091662,0.3819512104771625,12.142357880017808,1,12.87538180910935
398,99.0,l_knee,-11.826824319796527,4.3205409285440926,0.6058155878925162,11.826824319796527,1,12.582487007712317
399,100.0,l_knee,-11.57045912037875,4.245102357617311,0.7681081959619261,11.57045912037875,1,12.357142075714368
400,1.0,r_hip,74.91520410011341,-5.200047673596167,1.0838951425291024,74.91520410011341,1,75.20345493464481
401,2.0,r_hip,75.3020000009097,-5.181357845642511,1.042659315496683,75.3020000009097,1,75.57666825924956
402,3.0,r_hip,75.82619803947846,-5.176228805247453,1.0122242462388595,75.82619803947846,1,76.08044266117682
403,4.0,r_hip,76.3050944396406,-5.155812092342404,0.998931115856845,76.3050944396406,1,76.55785910417826
404,5.0,r_hip,76.7627022456994,-5.07102208807106,0.9857364447051681,76.7627022456994,1,77.05099254249512
405,6.0,r_hip,77.17015708910643,-4.872677966137183,0.9598399047053425,77.17015708910643,1,77.53068850002543
406,7.0,r_hip,77.52144344999775,-4.54458528544464,0.9183006280007516,77.52144344999775,1,77.98410413017842
407,8.0,r_hip,77.83055900411392,-4.120984348528898,0.8828457426112488,77.83055900411392,1,78.40256514898566
408,9.0,r_hip,78.12345799023171,-3.6660851647897865,0.8930128753402935,78.12345799023171,1,78.80297711252807
409,10.0,r_hip,78.42340657833479,-3.240972375117668,0.9874851764422633,78.42340657833479,1,79.20342514668093
410,11.0,r_hip,78.74650167187843,-2.8899691223279174,1.1754225821463156,78.74650167187843,1,79.61806222520914
411,12.0,r_hip,79.05909163605328,-2.6480626560453637,1.4186386160832412,79.05909163605328,1,80.01160793398492
412,13.0,r_hip,79.3255357343275,-2.5486153478621936,1.6393936965884757,79.3255357343275,1,80.33689145386475
413,14.0,r_hip,79.48632736962963,-2.6061932748645766,1.7563918887048164,79.48632736962963,1,80.54078090056089
414,15.0,r_hip,79.50879864601104,-2.7917311877287645,1.7291029632675043,79.50879864601104,1,80.61311035836886
415,16.0,r_hip,79.4061656255274,-3.0254129724360315,1.580463111350339,79.4061656255274,1,80.59060671349798
416,17.0,r_hip,79.20863602062381,-3.2070443211212973,1.3813112335829565,79.20863602062381,1,80.5126719492805
417,18.0,r_hip,78.97050998504422,-3.2710053012009763,1.204686194608705,78.97050998504422,1,80.4055968271611
418,19.0,r_hip,78.7033228412527,-3.2160548712983252,1.0846796289072895,78.7033228412527,1,80.25150980531208
419,20.0,r_hip,78.39332454290374,-3.093453374303659,1.0116480653625846,78.39332454290374,1,80.02219037824898
420,21.0,r_hip,78.0176949823559,-2.9634073665502836,0.9555853481748935,78.0176949823559,1,79.69693434368043
421,22.0,r_hip,77.54571482963632,-2.854175755678288,0.893480292670573,77.54571482963632,1,79.26948054050217
422,23.0,r_hip,76.99306967095289,-2.7552403647557533,0.822981149898635,76.99306967095289,1,78.76246213879037
423,24.0,r_hip,76.38483592744238,-2.6405728500826813,0.7565919728070429,76.38483592744238,1,78.20236274413173
424,25.0,r_hip,75.76376992302346,-2.4981210578608612,0.7076774580291866,75.76376992302346,1,77.62259551381034
425,26.0,r_hip,75.17210813443796,-2.336886712382719,0.6798640006278649,75.17210813443796,1,77.05076137467654
426,27.0,r_hip,74.61733501815542,-2.1723470423003266,0.6633963800777631,74.61733501815542,1,76.49277918187443
427,28.0,r_hip,74.10564996184995,-2.011420475326179,0.638760092904921,74.10564996184995,1,75.94519150639172
428,29.0,r_hip,73.60756848472336,-1.8472627778659456,0.5866252301551046,73.60756848472336,1,75.38397617080909
429,30.0,r_hip,73.0881079799902,-1.6669526622858424,0.500631531312954,73.0881079799902,1,74.78125739311142
430,31.0,r_hip,72.52205293658359,-1.4640670136258995,0.39291716652642633,72.52205293658359,1,74.12255625998549
431,32.0,r_hip,71.88760326349713,-1.2475027543307486,0.288202765428541,71.88760326349713,1,73.40171452768286
432,33.0,r_hip,71.20246724893394,-1.040167194657967,0.21048972708318583,71.20246724893394,1,72.6339472330531
433,34.0,r_hip,70.47303343564386,-0.865517566313071,0.1703723341625106,70.47303343564386,1,71.82803321665645
434,35.0,r_hip,69.69882580685324,-0.7347151625235292,0.159605348707742,69.69882580685324,1,70.98291748830385
435,36.0,r_hip,68.87141830380025,-0.6418071953027982,0.15502567161861225,68.87141830380025,1,70.09245603773121
436,37.0,r_hip,67.96651146467828,-0.5676023937039142,0.1310314574283441,67.96651146467828,1,69.14000315260101
437,38.0,r_hip,66.98793873860393,-0.4898191122592034,0.07265761172015893,66.98793873860393,1,68.12386838113201
438,39.0,r_hip,65.93599703208332,-0.39308044988520874,-0.018567366130313318,65.93599703208332,1,67.04070344038519
439,40.0,r_hip,64.822242609169,-0.27368809176488623,-0.12841361428856388,64.822242609169,1,65.89687494182613
440,41.0,r_hip,63.66726447576859,-0.13377141031672823,-0.2428311798553201,63.66726447576859,1,64.70551444772775
441,42.0,r_hip,62.48388081511078,0.022441407981514897,-0.35893327041183676,62.48388081511078,1,63.47519479923959
442,43.0,r_hip,61.307530497089836,0.17793009365812937,-0.47928505731138155,61.307530497089836,1,62.22711680304029
443,44.0,r_hip,60.157521469764404,0.3002136638145458,-0.5973626168580961,60.157521469764404,1,60.972347860241584
444,45.0,r_hip,59.046158257684276,0.3598399988784113,-0.6921586647452679,59.046158257684276,1,59.72043963036447
445,46.0,r_hip,57.97644148118616,0.35064614607202543,-0.7362687630649621,57.97644148118616,1,58.47505817405768
446,47.0,r_hip,56.9322014515045,0.29296956303557137,-0.7101097398456155,56.9322014515045,1,57.23036082161289
447,48.0,r_hip,55.916165924479365,0.22126781342492602,-0.6131981451127307,55.916165924479365,1,55.99056185189768
448,49.0,r_hip,54.920667074928836,0.16679119341814944,-0.4667774836285293,54.920667074928836,1,54.76021460532745
449,50.0,r_hip,53.93515411806776,0.1448918474887621,-0.3056836590039995,53.93515411806776,1,53.54786501409914
450,51.0,r_hip,52.94151213791465,0.15271687758668168,-0.16333136175145763,52.94151213791465,1,52.357058285424515
451,52.0,r_hip,51.90743427373195,0.17634200217330737,-0.06125682834464008,51.90743427373195,1,51.17660379440783
452,53.0,r_hip,50.82650951550737,0.20039464861072778,-0.009854872352358797,50.82650951550737,1,49.994474219388714
453,54.0,r_hip,49.69804735064438,0.21274848668986313,-0.013419500741592427,49.69804735064438,1,48.79629069490365
454,55.0,r_hip,48.54112699566998,0.20294301622899485,-0.07305004099462184,48.54112699566998,1,47.5809600426806
455,56.0,r_hip,47.390532821509545,0.16089899007934463,-0.1848419927475761,47.390532821509545,1,46.367362694712725
456,57.0,r_hip,46.27408313534357,0.08121684477357569,-0.3383389523615052,46.27408313534357,1,45.17648954616551
457,58.0,r_hip,45.21872879523893,-0.028753808754312788,-0.5200395035444823,45.21872879523893,1,44.022904023406674
458,59.0,r_hip,44.208474630792686,-0.14590817908203402,-0.7161350616256714,44.208474630792686,1,42.888839150327144
459,60.0,r_hip,43.19822156545303,-0.2402028555761148,-0.9128288620629336,43.19822156545303,1,41.73814332722609
460,61.0,r_hip,42.143074177539674,-0.29303507521266153,-1.094504942735597,42.143074177539674,1,40.54666103239393
461,62.0,r_hip,41.024891340484764,-0.30874463072920677,-1.2463867148748309,41.024891340484764,1,39.318869029856444
462,63.0,r_hip,39.88359659204606,-0.3021384301097568,-1.3669232265195874,39.88359659204606,1,38.09756542665963
463,64.0,r_hip,38.76651280623263,-0.27428284087198057,-1.4775030147046666,38.76651280623263,1,36.92022228543436
464,65.0,r_hip,37.70226877228947,-0.2064669825048337,-1.6174136716232301,37.70226877228947,1,35.80080997028804
465,66.0,r_hip,36.68734263055702,-0.08303313461052612,-1.8198152915298789,36.68734263055702,1,34.728745685772964
466,67.0,r_hip,35.68985111761421,0.0818646173938988,-2.084898681664267,35.68985111761421,1,33.67859370769841
467,68.0,r_hip,34.690398541027434,0.2451604729175056,-2.3752491760326873,34.690398541027434,1,32.63461801252293
468,69.0,r_hip,33.674898124187635,0.3628703865073043,-2.6366216156525453,33.674898124187635,1,31.58729802918289
469,70.0,r_hip,32.64433812761183,0.418175121683231,-2.829169423300499,32.64433812761183,1,30.53921776460805
470,71.0,r_hip,31.609475249282962,0.4272647950099713,-2.9439238770021237,31.609475249282962,1,29.496779101585282
471,72.0,r_hip,30.577154120765194,0.4238654789121821,-2.9957970046177067,30.577154120765194,1,28.462091817532635
472,73.0,r_hip,29.563142672560684,0.4366402764996691,-3.007789410427805,29.563142672560684,1,27.438916070881646
473,74.0,r_hip,28.570967520990383,0.47358611753168545,-2.9993922410782803,28.570967520990383,1,26.42903402092937
474,75.0,r_hip,27.596262248804248,0.5195421772277259,-2.9840136148016034,27.596262248804248,1,25.438989597329368
475,76.0,r_hip,26.629931303744716,0.5456510366565049,-2.965842179463796,26.629931303744716,1,24.476958299667025
476,77.0,r_hip,25.663422855637844,0.5256076094572969,-2.9396509778959197,25.663422855637844,1,23.546823522517926
477,78.0,r_hip,24.710728909180848,0.4508796720129624,-2.9029622620650932,24.710728909180848,1,22.650992039184445
478,79.0,r_hip,23.785028099486635,0.3337033078834224,-2.8639270754869366,23.785028099486635,1,21.785816578763608
479,80.0,r_hip,22.889543995264816,0.19682425136456735,-2.8372689471217174,22.889543995264816,1,20.950467763704403
480,81.0,r_hip,22.014268324747007,0.06327783724362662,-2.8356532452290115,22.014268324747007,1,20.15054847814864
481,82.0,r_hip,21.142654890008156,-0.04782959101017096,-2.8710167510244187,21.142654890008156,1,19.389303631518857
482,83.0,r_hip,20.277393403382366,-0.12469454564292386,-2.9567849777523185,20.277393403382366,1,18.66708875349199
483,84.0,r_hip,19.42948622227506,-0.16496506810055098,-3.0938575135004043,19.42948622227506,1,17.97685284492991
484,85.0,r_hip,18.614214488070033,-0.17091770900393644,-3.269991054039224,18.614214488070033,1,17.31690252008724
485,86.0,r_hip,17.84148522825445,-0.14538075468455053,-3.477020647958148,17.84148522825445,1,16.69806480521256
486,87.0,r_hip,17.110428686514194,-0.09892179518611416,-3.708954765439552,17.110428686514194,1,16.13162885742849
487,88.0,r_hip,16.428453427583285,-0.0572646348768032,-3.9299966065219225,16.428453427583285,1,15.625362395585533
488,89.0,r_hip,15.808410666756341,-0.05282971736183328,-4.050691988832837,15.808410666756341,1,15.176082931314514
489,90.0,r_hip,15.27301747128472,-0.10868295758802392,-3.9438723380002516,15.27301747128472,1,14.77847435101646
490,91.0,r_hip,14.845478460150124,-0.22989813450164318,-3.4992206726333976,14.845478460150124,1,14.434007698781585
491,92.0,r_hip,14.534034963291184,-0.4048884973825877,-2.688118716070604,14.534034963291184,1,14.150555782986656
492,93.0,r_hip,14.33131998578383,-0.6117676997502038,-1.5949682440282982,14.33131998578383,1,13.933211000485716
493,94.0,r_hip,14.21344397552551,-0.8300790145457966,-0.3780915191232181,14.21344397552551,1,13.776008265814227
494,95.0,r_hip,14.131645073140984,-1.049194929540565,0.7950689502831042,14.131645073140984,1,13.650585489676935
495,96.0,r_hip,14.047553551960675,-1.2801478850040777,1.8287094917461106,14.047553551960675,1,13.542852629431843
496,97.0,r_hip,13.89976565613237,-1.531674875040126,2.681484516259741,13.89976565613237,1,13.415145474031863
497,98.0,r_hip,13.709475222346601,-1.811094351442491,3.3922501578283915,13.709475222346601,1,13.292368366315257
498,99.0,r_hip,13.470434939818357,-2.0802472526942766,3.9680756643157067,13.470434939818357,1,13.145817775946202
499,100.0,r_hip,13.33137266833773,-2.3154145408326485,4.492978253069798,13.33137266833773,1,13.082711652104702
500,1.0,l_hip,77.96750816698827,-1.50508766745102,4.394413863694831,77.96750816698827,1,77.7164785186796
501,2.0,l_hip,78.31205741951625,-1.5800891817225293,4.360511289377225,78.31205741951625,1,78.01813642056632
502,3.0,l_hip,78.78452375695379,-1.6307836685195376,4.327550731109104,78.78452375695379,1,78.45985531567041
503,4.0,l_hip,79.21959232439205,-1.6301415932495835,4.293588624066912,79.21959232439205,1,78.89647932363988
504,5.0,l_hip,79.64280212118842,-1.5904875988342442,4.243427823474863,79.64280212118842,1,79.35655363970537
505,6.0,l_hip,80.0204297321806,-1.5558269261575066,4.169304729487388,80.0204297321806,1,79.8044010740004
506,7.0,l_hip,80.33426357601775,-1.578847705545638,4.070511548107019,80.33426357601775,1,80.22075312512833
507,8.0,l_hip,80.59339766853358,-1.6819500795197309,3.955314663622512,80.59339766853358,1,80.59572754320449
508,9.0,l_hip,80.82964546427723,-1.8383930168382254,3.8311646082266093,80.82964546427723,1,80.94761471059323
509,10.0,l_hip,81.08265000943797,-1.9808873967036953,3.699345659448274,81.08265000943797,1,81.30130657769452
510,11.0,l_hip,81.3846114266243,-2.030111878025564,3.5484209590093716,81.3846114266243,1,81.67942414938223
511,12.0,l_hip,81.70769471577971,-1.9319521721944053,3.3523872273744226,81.70769471577971,1,82.05275892742452
512,13.0,l_hip,82.0116021397001,-1.6931578978535917,3.0792656408712853,82.0116021397001,1,82.37654244349858
513,14.0,l_hip,82.22693304560178,-1.384308154660942,2.7076272455701726,82.22693304560178,1,82.59766386913222
514,15.0,l_hip,82.31377379422997,-1.103160788909631,2.2486758618292355,82.31377379422997,1,82.7053223397235
515,16.0,l_hip,82.28173400892226,-0.9245416544770366,1.7574990661535133,82.28173400892226,1,82.73362180066319
516,17.0,l_hip,82.15627221114347,-0.8733161314340768,1.317513715943123,82.15627221114347,1,82.71568879156581
517,18.0,l_hip,81.98472202132342,-0.9339060740049854,1.000562003349629,81.98472202132342,1,82.6702553775642
518,19.0,l_hip,81.77037282579946,-1.0731720837921292,0.8291927878575105,81.77037282579946,1,82.57311466132555
519,20.0,l_hip,81.49756460094589,-1.257519065398259,0.7748235176922881,81.49756460094589,1,82.39466760120851
520,21.0,l_hip,81.15332937149269,-1.4570743186062887,0.7833392267872448,81.15332937149269,1,82.1189403290235
521,22.0,l_hip,80.72619786232954,-1.6450036192092437,0.8056509543730309,80.72619786232954,1,81.74900937335082
522,23.0,l_hip,80.25192978953713,-1.804722365385923,0.8182461266535282,80.25192978953713,1,81.31773740319093
523,24.0,l_hip,79.76167064395905,-1.9374444271731794,0.8238706058372637,79.76167064395905,1,80.8550841244595
524,25.0,l_hip,79.2866969254492,-2.062816258876697,0.8401497636697828,79.2866969254492,1,80.38804586300519
525,26.0,l_hip,78.84830541440488,-2.205111147135032,0.8823080826480526,78.84830541440488,1,79.93113783636213
526,27.0,l_hip,78.43501097750284,-2.3720897388526576,0.9475542632366863,78.43501097750284,1,79.47756081418652
527,28.0,l_hip,78.04372546355346,-2.544110938076775,1.009732507038632,78.04372546355346,1,79.01783601675709
528,29.0,l_hip,77.64170492946471,-2.682199919524276,1.029922274570554,77.64170492946471,1,78.52934387884417
529,30.0,l_hip,77.19671541776538,-2.7540473533180756,0.9838174682364483,77.19671541776538,1,77.99243768076104
530,31.0,l_hip,76.69373327731026,-2.7561555850270896,0.883831078730592,76.69373327731026,1,77.40405291308907
531,32.0,l_hip,76.12308229433106,-2.7166238983952637,0.772888579712489,76.12308229433106,1,76.76562660565592
532,33.0,l_hip,75.51004386310068,-2.6823426489719417,0.6977976145412764,75.51004386310068,1,76.09288711274513
533,34.0,l_hip,74.85956014237753,-2.696483091738551,0.6849814679858044,74.85956014237753,1,75.38896245739056
534,35.0,l_hip,74.16591005726569,-2.783507297479019,0.7329939513459244,74.16591005726569,1,74.64601581817013
535,36.0,l_hip,73.41614999505278,-2.9449507308487215,0.8204722480114257,73.41614999505278,1,73.85334132970448
536,37.0,l_hip,72.58287691496223,-3.1639030578398994,0.9233496210836968,72.58287691496223,1,72.99209886659455
537,38.0,l_hip,71.67020213413765,-3.416209953339676,1.0298136307989145,71.67020213413765,1,72.06190051706972
538,39.0,l_hip,70.67854556301936,-3.6775916451544677,1.140426349384739,70.67854556301936,1,71.06190481412132
539,40.0,l_hip,69.61962901204053,-3.930183370266515,1.2597941857841013,69.61962901204053,1,70.00111461516298
540,41.0,l_hip,68.51467763892734,-4.1630742066473,1.3885413100353032,68.51467763892734,1,68.89484715629084
541,42.0,l_hip,67.3780226009226,-4.36847625152912,1.5209048101504867,67.3780226009226,1,67.75377875311185
542,43.0,l_hip,66.25078623093093,-4.542761511044882,1.6488496932891794,66.25078623093093,1,66.60337104988821
543,44.0,l_hip,65.15759196600013,-4.687433416592735,1.7667857845153643,65.15759196600013,1,65.45805670585383
544,45.0,l_hip,64.11278174952201,-4.812915667677256,1.8784705203301908,64.11278174952201,1,64.32782629930459
545,46.0,l_hip,63.11562832678082,-4.9341919453374885,1.9988779194266557,63.11562832678082,1,63.210786381626
546,47.0,l_hip,62.14066398856301,-5.059746877761371,2.1477000468977834,62.14066398856301,1,62.08999363055803
547,48.0,l_hip,61.1821621046572,-5.187209815087869,2.3407132059910483,61.1821621046572,1,60.960069983078526
548,49.0,l_hip,60.225954086350164,-5.303226661689743,2.5799473159526007,60.225954086350164,1,59.81975890713652
549,50.0,l_hip,59.260558342376044,-5.395261863812538,2.8526362320018843,59.260558342376044,1,58.67624016211422
550,51.0,l_hip,58.27288771733727,-5.460504451547199,3.136145119306126,58.27288771733727,1,57.53617797043199
551,52.0,l_hip,57.23823912079486,-5.504717239257217,3.405375135706879,57.23823912079486,1,56.39499011559325
552,53.0,l_hip,56.15858967142238,-5.5445362674936,3.6463758338732686,56.15858967142238,1,55.2483943600606
553,54.0,l_hip,55.035729257402835,-5.601904298025965,3.8603360378043052,55.035729257402835,1,54.08585220995994
554,55.0,l_hip,53.88556120222326,-5.6951759287101416,4.054035343247394,53.88556120222326,1,52.90508484211994
555,56.0,l_hip,52.73601695670075,-5.8333593627236535,4.228346980011082,52.73601695670075,1,51.720218168654775
556,57.0,l_hip,51.6073147416258,-6.020002222081113,4.380672426083864,51.6073147416258,1,50.54624249304919
557,58.0,l_hip,50.5256392380297,-6.252982129276691,4.514261840052882,50.5256392380297,1,49.39578881651413
558,59.0,l_hip,49.4801357291554,-6.507553556888061,4.636514892351065,49.4801357291554,1,48.25483706851571
559,60.0,l_hip,48.434030757094874,-6.739387980808695,4.759456638729309,48.434030757094874,1,47.09441044345881
560,61.0,l_hip,47.34746466245768,-6.908532202410449,4.898606778448628,47.34746466245768,1,45.89350112189121
561,62.0,l_hip,46.19909224162002,-7.004358361743,5.065753952413483,46.19909224162002,1,44.64951443224453
562,63.0,l_hip,45.02178055679664,-7.052748096260721,5.262828434111026,45.02178055679664,1,43.39463949288775
563,64.0,l_hip,43.855222435265425,-7.089530331742349,5.475282623378947,43.855222435265425,1,42.16120183969626
564,65.0,l_hip,42.72694688468935,-7.135235041669667,5.6784550907781774,42.72694688468935,1,40.966972546774144
565,66.0,l_hip,41.64023587429371,-7.188378911743043,5.848708207895281,41.64023587429371,1,39.8093380041045
566,67.0,l_hip,40.57266285843296,-7.235177394219576,5.9698030663774215,40.57266285843296,1,38.67067298827362
567,68.0,l_hip,39.51385932333155,-7.265578184480631,6.036061303018521,39.51385932333155,1,37.54371728328573
568,69.0,l_hip,38.4529264365393,-7.275688067389674,6.048773761082098,38.4529264365393,1,36.42618939252327
569,70.0,l_hip,37.39072638188263,-7.269666467706694,6.019800387025173,37.39072638188263,1,35.32584153445839
570,71.0,l_hip,36.336535774491175,-7.25601513078785,5.973975832397626,36.336535774491175,1,34.25084419125723
571,72.0,l_hip,35.29296341701308,-7.240403266034316,5.944982583306632,35.29296341701308,1,33.20217584295741
572,73.0,l_hip,34.27082494209876,-7.227194407103347,5.968042732511258,34.27082494209876,1,32.181133027540845
573,74.0,l_hip,33.266588644121875,-7.219114186634848,6.063444145956563,33.266588644121875,1,31.183230351675107
574,75.0,l_hip,32.27004807255166,-7.222846223239057,6.229793206851265,32.27004807255166,1,30.20490121877093
575,76.0,l_hip,31.269322227096506,-7.247796639257053,6.445980116078036,31.269322227096506,1,29.243217274307355
576,77.0,l_hip,30.256420495669122,-7.299683277848194,6.680356631804197,30.256420495669122,1,28.296577579866167
577,78.0,l_hip,29.25325557759576,-7.37816621138813,6.905656836693647,29.25325557759576,1,27.37362805705943
578,79.0,l_hip,28.284773542883443,-7.470481038231308,7.103113916245642,28.284773542883443,1,26.48484044813671
579,80.0,l_hip,27.36672567857998,-7.558606582051491,7.269533863971098,27.36672567857998,1,25.64292125866276
580,81.0,l_hip,26.497693259834076,-7.627172476901245,7.417188893581104,26.497693259834076,1,24.85914937382701
581,82.0,l_hip,25.662381917494137,-7.66748451091959,7.562251292544622,25.662381917494137,1,24.13239653523864
582,83.0,l_hip,24.860830835789447,-7.683954698992818,7.714655226901837,24.860830835789447,1,23.45392061739816
583,84.0,l_hip,24.098054037802317,-7.687335391999824,7.8689594924222295,24.098054037802317,1,22.8089306033118
584,85.0,l_hip,23.385679861496243,-7.688502879918604,8.011509329653224,23.385679861496243,1,22.195619266523103
585,86.0,l_hip,22.734085541048287,-7.691685820522775,8.127605896915153,22.734085541048287,1,21.63270769403401
586,87.0,l_hip,22.14056637123708,-7.693381149987638,8.204492925691508,22.14056637123708,1,21.138379339036824
587,88.0,l_hip,21.60112089060119,-7.689562416262614,8.239089660118134,21.60112089060119,1,20.7167578403051
588,89.0,l_hip,21.100929133034626,-7.672729255365162,8.238245223333681,21.100929133034626,1,20.344780882874613
589,90.0,l_hip,20.62678330017761,-7.637259645392392,8.226962985830157,20.62678330017761,1,19.988484929114534
590,91.0,l_hip,20.17324450610498,-7.586336540242617,8.248608875097592,20.17324450610498,1,19.626630028571
591,92.0,l_hip,19.742487353053885,-7.529778792812077,8.341485101465413,19.742487353053885,1,19.263069894616677
592,93.0,l_hip,19.35336781676825,-7.47611938415852,8.501474821279832,19.35336781676825,1,18.922790296722297
593,94.0,l_hip,19.02652112215594,-7.415974959185052,8.646017490243175,19.02652112215594,1,18.630101195986008
594,95.0,l_hip,18.758947546604297,-7.33110210742992,8.64581388975582,18.758947546604297,1,18.38452792894386
595,96.0,l_hip,18.53358088048997,-7.210941814332948,8.395032610602355,18.53358088048997,1,18.17863653544249
596,97.0,l_hip,18.28808788215794,-7.07532937628467,7.908177446609335,18.28808788215794,1,17.969097042398083
597,98.0,l_hip,18.016186488550535,-6.960895645118958,7.304644896681578,18.016186488550535,1,17.75855673170488
598,99.0,l_hip,17.698443239750382,-6.899551239661728,6.762915610305286,17.698443239750382,1,17.51721123760873
599,100.0,l_hip,17.455769719194496,-6.866593539453089,6.354373185738244,17.455769719194496,1,17.337817378914245
600,1.0,trunk,0.10284656222776821,0.0014146154916035972,0.0034477717940214676,0.10284656222776821,1,0.10925592726920703
601,2.0,trunk,0.9748381192082832,-0.001228128442514599,0.042354906616324045,0.9748381192082832,1,1.0394810261593004
602,3.0,trunk,1.9749195718657109,-0.007744015800902128,0.07433629047745856,1.9749195718657109,1,2.1210818434628567
603,4.0,trunk,2.9304338150316123,-0.02187245545958226,0.08920957539004681,2.9304338150316123,1,3.1617094412219586
604,5.0,trunk,3.875954643930479,-0.042293424149761644,0.08376551318575295,3.875954643930479,1,4.190669762400914
605,6.0,trunk,4.790280592995038,-0.0660788164286173,0.05421851722548632,4.790280592995038,1,5.180266754390935
606,7.0,trunk,5.687941812420857,-0.08909828242692709,-0.0010623264881951425,5.687941812420857,1,6.14415845859521
607,8.0,trunk,6.567621144947531,-0.10712663973234221,-0.08350815561976452,6.567621144947531,1,7.078222247967089
608,9.0,trunk,7.436396957058915,-0.1153417196068828,-0.19280545724913653,7.436396957058915,1,7.98916965822248
609,10.0,trunk,8.285913720902421,-0.11029692190185948,-0.32707277312952476,8.285913720902421,1,8.869607904974465
610,11.0,trunk,9.109607216949248,-0.09317085861360279,-0.48253080935567527,9.109607216949248,1,9.71873559691894
611,12.0,trunk,9.896456020767838,-0.07201122858539692,-0.6546149073912889,9.896456020767838,1,10.535765744728788
612,13.0,trunk,10.642785050339706,-0.06028099257912967,-0.8386000761314458,10.642785050339706,1,11.327328931216218
613,14.0,trunk,11.3420522041321,-0.0709750806689806,-1.0279503270852688,11.3420522041321,1,12.094154641536406
614,15.0,trunk,11.981411145839903,-0.10850788000913164,-1.213313416989586,11.981411145839903,1,12.823786543262026
615,16.0,trunk,12.540848832604365,-0.16415302544802401,-1.3837568034632415,12.540848832604365,1,13.49144566058643
616,17.0,trunk,12.998982331081335,-0.22018120796063506,-1.529918307792403,12.998982331081335,1,14.069937040692082
617,18.0,trunk,13.35008565867516,-0.26142809587948834,-1.6463557985456938,13.35008565867516,1,14.545810153602531
618,19.0,trunk,13.604566594075857,-0.28442215201693516,-1.7302624390812196,13.604566594075857,1,14.921254443153519
619,20.0,trunk,13.78487144767829,-0.29714405521477655,-1.7801315050335174,13.78487144767829,1,15.210666502771215
620,21.0,trunk,13.91326924578255,-0.31123746913467426,-1.7957785252976144,13.91326924578255,1,15.430506937643777
621,22.0,trunk,14.000281689136086,-0.3341731290701444,-1.778972884127454,14.000281689136086,1,15.591731628504071
622,23.0,trunk,14.04841182809664,-0.36674282344713577,-1.7336160795965143,14.04841182809664,1,15.699725595076393
623,24.0,trunk,14.049697113065426,-0.40465234748561174,-1.6642402354564811,14.049697113065426,1,15.752385600911317
624,25.0,trunk,13.994065972406743,-0.4418383986326236,-1.574673205229412,13.994065972406743,1,15.744567602074962
625,26.0,trunk,13.875180519607433,-0.47321232889301634,-1.4671561574116592,13.875180519607433,1,15.671386989482276
626,27.0,trunk,13.691266228822624,-0.4961399104022967,-1.34249475618207,13.691266228822624,1,15.530746926038685
627,28.0,trunk,13.451022688466338,-0.5110069200060096,-1.2016471753187694,13.451022688466338,1,15.326959723880538
628,29.0,trunk,13.164001661819144,-0.5203476081909247,-1.0466800171921866,13.164001661819144,1,15.066601625994245
629,30.0,trunk,12.838932153744416,-0.5276233630724467,-0.8811772952560428,12.838932153744416,1,14.756088424397806
630,31.0,trunk,12.481522153609305,-0.5357752009891664,-0.7092708563943023,12.481522153609305,1,14.400493725123495
631,32.0,trunk,12.092467875667145,-0.5460850735056837,-0.5344539762966335,12.092467875667145,1,14.001573509664045
632,33.0,trunk,11.674912649985648,-0.5584179003595419,-0.3601146098473268,11.674912649985648,1,13.561372073753748
633,34.0,trunk,11.23002742736824,-0.5719933331298308,-0.19025010204299356,11.23002742736824,1,13.080923600576533
634,35.0,trunk,10.759844716808875,-0.5868410546602274,-0.02977733543666334,10.759844716808875,1,12.562174575444235
635,36.0,trunk,10.26703226639322,-0.6040893329530654,0.11661522662008969,10.26703226639322,1,12.008982349658162
636,37.0,trunk,9.752309284847954,-0.6245079851342469,0.24587861634655075,9.752309284847954,1,11.424840517159913
637,38.0,trunk,9.218820087220646,-0.6474802772932515,0.3571304455627091,9.218820087220646,1,10.814445583434761
638,39.0,trunk,8.66704273006408,-0.6709150977215794,0.4520811613445975,8.66704273006408,1,10.180032291887631
639,40.0,trunk,8.09764641863657,-0.6930203271081496,0.5355638754892922,8.09764641863657,1,9.522971171551617
640,41.0,trunk,7.512727171636922,-0.7137146262822864,0.6152835781872855,7.512727171636922,1,8.843703802566067
641,42.0,trunk,6.914339179186839,-0.7345768835110641,0.6994323729996337,6.914339179186839,1,8.141721859527895
642,43.0,trunk,6.30661408622702,-0.7582600468792491,0.7934964936627067,6.30661408622702,1,7.418105926018989
643,44.0,trunk,5.690127970055514,-0.7866463877733813,0.8978252315849321,5.690127970055514,1,6.674162364821255
644,45.0,trunk,5.062766512027202,-0.8196641687658197,1.0084110737570937,5.062766512027202,1,5.912338604566575
645,46.0,trunk,4.421435065468545,-0.8550144735592851,1.1198140144523674,4.421435065468545,1,5.134931543390226
646,47.0,trunk,3.764343950327822,-0.8894191938253393,1.2277251229568242,3.764343950327822,1,4.34346767913583
647,48.0,trunk,3.0957553769111983,-0.9208634311962189,1.33067003824433,3.0957553769111983,1,3.5408921789681385
648,49.0,trunk,2.423208850081847,-0.9487175858134612,1.4289585367394573,2.423208850081847,1,2.732923667063835
649,50.0,trunk,1.7548195511532663,-0.9730992833253957,1.5238168809955233,1.7548195511532663,1,1.9277900052114805
650,51.0,trunk,1.096120908518628,-0.9935683917169705,1.6164796677347502,1.096120908518628,1,1.1339056946398451
651,52.0,trunk,0.44949912050867485,-1.0084087351067812,1.7073368408084508,0.44949912050867485,1,0.3565400860971315
652,53.0,trunk,-0.18387105566025091,-1.0161286042997748,1.7965950791172185,-0.18387105566025091,1,-0.4023838174892618
653,54.0,trunk,-0.8041617704066742,-1.0169547312846472,1.8838625328058638,-0.8041617704066742,1,-1.1434001141670431
654,55.0,trunk,-1.4124750464680487,-1.0141462631803315,1.9693547247330379,-1.4124750464680487,1,-1.8677993260740569
655,56.0,trunk,-2.010216121104021,-1.012760576556612,2.0541081683109264,-2.010216121104021,1,-2.5755333806572023
656,57.0,trunk,-2.597716322510577,-1.0163077982704218,2.138743069477458,-2.597716322510577,1,-3.265311366056454
657,58.0,trunk,-3.174257206062071,-1.0243594106150766,2.223557637980021,-3.174257206062071,1,-3.935850014412506
658,59.0,trunk,-3.7378945821399103,-1.0318734542757644,2.3071953249460635,-3.7378945821399103,1,-4.587124824163441
659,60.0,trunk,-4.2879168116872375,-1.0335543417882829,2.387900151433566,-4.2879168116872375,1,-5.220296263308207
660,61.0,trunk,-4.82623672107436,-1.0294031854047498,2.464667144981505,-4.82623672107436,1,-5.836549686476358
661,62.0,trunk,-5.355739488255496,-1.0261011213851903,2.53715051416482,-5.355739488255496,1,-6.435238354318576
662,63.0,trunk,-5.880724841391794,-1.0335468617528887,2.6068173364324037,-5.880724841391794,1,-7.01593416922644
663,64.0,trunk,-6.402741038000861,-1.057505693708883,2.6754513206087394,-6.402741038000861,1,-7.578334359108041
664,65.0,trunk,-6.920471624159022,-1.0952202281877284,2.746598625686601,-6.920471624159022,1,-8.122531455304111
665,66.0,trunk,-7.429959955174539,-1.1364686116619065,2.826690933192302,-7.429959955174539,1,-8.648664655715262
666,67.0,trunk,-7.92470259953998,-1.169544696340871,2.9234494494864345,-7.92470259953998,1,-9.1553392886638
667,68.0,trunk,-8.40126605378883,-1.188107198202931,3.043575474466978,-8.40126605378883,1,-9.642173658687424
668,69.0,trunk,-8.856678911918305,-1.192367577181144,3.18653737573145,-8.856678911918305,1,-10.107978576376032
669,70.0,trunk,-9.289640651805135,-1.1870704257525313,3.3429967755209615,-9.289640651805135,1,-10.552235339475992
670,71.0,trunk,-9.700088714643096,-1.1780504715623312,3.496764333650528,-9.700088714643096,1,-10.974736989639041
671,72.0,trunk,-10.088115651633588,-1.169368431903692,3.6293320370008506,-10.088115651633588,1,-11.37560549101224
672,73.0,trunk,-10.45984069539913,-1.1629149458986572,3.7265074866286203,-10.45984069539913,1,-11.75808492450813
673,74.0,trunk,-10.821472170917403,-1.158520398891685,3.7794810482702186,-10.821472170917403,1,-12.125686345861302
674,75.0,trunk,-11.178754078373796,-1.1558130126095962,3.785171707969036,-11.178754078373796,1,-12.482193424419044
675,76.0,trunk,-11.535004519254999,-1.1552818263046112,3.7446038450607833,-11.535004519254999,1,-12.829334367693512
676,77.0,trunk,-11.888474825925625,-1.1577118544444882,3.6612444001193563,-11.888474825925625,1,-13.16565075979776
677,78.0,trunk,-12.239395586245864,-1.1636900512444934,3.542381500101694,-12.239395586245864,1,-13.489495312716915
678,79.0,trunk,-12.585223286577515,-1.1724271173474452,3.3976165196401444,-12.585223286577515,1,-13.798243361149304
679,80.0,trunk,-12.923878699675313,-1.1826592613050004,3.2381610305936777,-12.923878699675313,1,-14.09021285528543
680,81.0,trunk,-13.253632047051251,-1.1935900721957868,3.0746742605077046,-13.253632047051251,1,-14.3652870734666
681,82.0,trunk,-13.569718649930486,-1.2050759280036993,2.9147309601690243,-13.569718649930486,1,-14.622833192808812
682,83.0,trunk,-13.871369490851837,-1.2179354249491965,2.763277814918516,-13.871369490851837,1,-14.865409202055826
683,84.0,trunk,-14.156369904708253,-1.2323512102695684,2.6208871512034047,-14.156369904708253,1,-15.096756145134295
684,85.0,trunk,-14.425786470727479,-1.2478236280204789,2.4851976446541233,-14.425786470727479,1,-15.319231574185139
685,86.0,trunk,-14.683695025942134,-1.2638914102353749,2.3539405471803883,-14.683695025942134,1,-15.531752646938077
686,87.0,trunk,-14.931084741578458,-1.2804807911843379,2.228592597579482,-14.931084741578458,1,-15.729234318838039
687,88.0,trunk,-15.170238661796109,-1.2979515553380612,2.1178464548569353,-15.170238661796109,1,-15.911266100641901
688,89.0,trunk,-15.39623718458881,-1.3149295763307853,2.0326700680081915,-15.39623718458881,1,-16.079559289464044
689,90.0,trunk,-15.602097082326052,-1.3281377723576302,1.9784237384027274,-15.602097082326052,1,-16.237766700708033
690,91.0,trunk,-15.782735571594086,-1.3345686898959588,1.9477698266743972,-15.782735571594086,1,-16.387593432475086
691,92.0,trunk,-15.935133305249735,-1.3343671690002374,1.9213112008699038,-15.935133305249735,1,-16.52505556305281
692,93.0,trunk,-16.06782683797816,-1.3316827652748227,1.8785499125401188,-16.06782683797816,1,-16.649673703388704
693,94.0,trunk,-16.188506369701223,-1.3306486976477085,1.8059025765843495,-16.188506369701223,1,-16.7602352900522
694,95.0,trunk,-16.307564038168536,-1.3321135941281586,1.7028601414031996,-16.307564038168536,1,-16.862074583328496
695,96.0,trunk,-16.429508437288366,-1.3365476865268806,1.5758217353867394,-16.429508437288366,1,-16.957919603135323
696,97.0,trunk,-16.55705699196133,-1.3455494964137933,1.4397600104270807,-16.55705699196133,1,-17.053796748093042
697,98.0,trunk,-16.68271996877826,-1.3649879791778596,1.3059888924509142,-16.68271996877826,1,-17.1442081248243
698,99.0,trunk,-16.80381635599232,-1.395190418479275,1.1927644053537576,-16.80381635599232,1,-17.232864570107957
699,100.0,trunk,-16.88867206067592,-1.4349801799335236,1.0968393462384376,-16.88867206067592,1,-17.293720552974484
